<?xml version="1.0" encoding="UTF-8"?> 
<java version="1.4.1_01" class="java.beans.XMLDecoder"> 
 <object class="jsource.util.Properties"> 
  <void property="lastDirectory"> 
   <string>C:\Documents and Settings\Panos\Desktop\Programming Branch\My Java Projects\Advanced Java Assignments</string> 
  </void> 
  <void property="lastFile"> 
   <string>FileBackup.java</string> 
  </void> 
  <void property="mainFrameLocation"> 
   <object class="java.awt.Point"> 
    <int>-4</int> 
    <int>-4</int> 
   </object> 
  </void> 
  <void property="mainFrameSize"> 
   <object class="java.awt.Dimension"> 
    <int>1032</int> 
    <int>746</int> 
   </object> 
  </void> 
  <void id="StringArray0" property="openFiles"/> 
  <void property="openFiles"> 
   <object idref="StringArray0"/> 
  </void> 
 </object> 
</java> 
